; This file is used in generating pseudo-MPECs.  Text from the 'stations'
; part of the MPEC is searched and substrings replaced.  This allows
; proper diacritical marks to be inserted,  and links generated
; to Web sites of the people,  sites,  and telescopes listed below.
;   Note that a lot of observers have asteroids named after them;
; these can be found with the JPL Small Body Database Browser,  and
; a citation describing the honoree is usually included.
;
 Africano                                  <a href="https://catalina.lpl.arizona.edu/about/staff/brian-africano">Africano</a>
 Bamberger                                 <a href="https://ssd.jpl.nasa.gov/sbdb.cgi?ID=a0128345">Bamberger</a>
 Bedient                                   <a href="http://www.ifa.hawaii.edu/tops/bedient.html">Bedient</a>
 Bauer                                     <a href="https://ssd.jpl.nasa.gov/sbdb.cgi?ID=a0019494">Bauer</a>
 Bell                                      <a href="http://www.corvus.com/adastra2002/bell.htm">Bell</a>
 Beresford                                 <a href="http://www.adam.com.au/dberesford/">Beresford</a>
 Bernardi                                  <a href="http://www.ifa.hawaii.edu/~bernardi/">Bernardi</a>
 Beshore                                   <a href="https://ssd.jpl.nasa.gov/sbdb.cgi?ID=a0196807">Beshore</a>
 Birtwhistle                               <a href="https://ssd.jpl.nasa.gov/sbdb.cgi?ID=a0065100">Birtwhistle</a>
 Bittesini                                 <a href="https://ssd.jpl.nasa.gov/sbdb.cgi?ID=a0005299">Bittesini</a>
 Blythe                                    <a href="https://ssd.jpl.nasa.gov/sbdb.cgi?ID=a0017281">Blythe</a>
 2.24-m University of Hawaii               <a href="http://www.ifa.hawaii.edu/88inch/">2.24-m University of Hawaii</a>
 Boattini                                  <a href="http://spaceguard.rm.iasf.cnr.it/tumblingstone/issues/num23/eng/boattini.html">Boattini</a>
 Borngren                                  B&ouml;rngren
 Bouma                                     <a href="https://ssd.jpl.nasa.gov/sbdb.cgi?ID=a0009706">Bouma</a>
 Bressi                                    <a href="https://ssd.jpl.nasa.gov/sbdb.cgi?ID=a0006837">Bressi</a>
 Busch                                     <a href="http://www.easysky.de/eng/author/index.htm">Busch</a>
 Buzzi                                     <a href="https://ssd.jpl.nasa.gov/sbdb.cgi?ID=a0006517">Buzzi</a>
 Cikota                                    <a href="http://dalje.com/en-croatia/asteroid-named-after-croatian-capital-zagreb/250877">Cikota</a>
 Crni Vrh                                  &#x10c;rni Vrh
 Christensen                               <a href="https://ssd.jpl.nasa.gov/sbdb.cgi?ID=a0013858">Christensen</a>
 Cremaschini                               <a href="https://ssd.jpl.nasa.gov/sbdb.cgi?ID=a0014062">Cremaschini</a>
 Crinklaw                                  <a href="https://www.skyhound.com/sh/gc.htm">Crinklaw</a>
 Concari                                   <a href="https://ssd.jpl.nasa.gov/sbdb.cgi?ID=a0006671">Concari</a>
 Cutri                                     <a href="https://ssd.jpl.nasa.gov/sbdb.cgi?ID=a0241529">Cutri</a>
 Dailey                                    <a href="https://ssd.jpl.nasa.gov/sbdb.cgi?ID=a0249522">Dailey</a>
 Delbo                                     <a href="https://ssd.jpl.nasa.gov/sbdb.cgi?ID=a0016250">Delb&oacute;</a>
 Denisenko                                 <a href="https://en.wikipedia.org/wiki/Denis_Denisenko">Denisenko</a>
 Denneau                                   <a href="https://ssd.jpl.nasa.gov/sbdb.cgi?ID=a0012267">Denneau</a>
 Ernst                                     <a href="http://www.starkenburg-sternwarte.de/asteroiden/namen/7686.htm">Ernst</a>
 Fitzsimmons                               <a href="https://alanfitzsimmons.wordpress.com/">Fitzsimmons</a>
 Flewelling                                <a href="https://twitter.com/heatherflew">Flewelling</a>
 Foglia                                    <a href="https://ssd.jpl.nasa.gov/sbdb.cgi?ID=a0013147">Foglia</a>
 Fuls                                      <a href="https://catalina.lpl.arizona.edu/person/carson-fuls">Fuls</a>
 Galad                                     <a href="http://en.wikipedia.org/wiki/Adri%C3%A1n_Gal%C3%A1d">Gal&aacute;d</a>
 Galli                                     <a href="https://ssd.jpl.nasa.gov/sbdb.cgi?ID=a0006515">Galli</a>
 Garradd                                   <a href="http://members.ozemail.com.au/~loomberah/">Garradd</a>
 Gasparovic                                <a href="https://ssd.jpl.nasa.gov/sbdb.cgi?orb=1;sstr=gasparovic">Ga&#x161;parovi&#x107;</a>
 Geffert                                   <a href="https://ssd.jpl.nasa.gov/sbdb.cgi?ID=a0017855">Geffert</a>
 Gibbs                                     <a href="https://ssd.jpl.nasa.gov/sbdb.cgi?ID=a0014220">Gibbs</a>
 Gilmore                                   <a href="http://www.phys.canterbury.ac.nz/people/gilmore.shtml">Gilmore</a>
 Gorbovskoy                                <a href="http://www.researchgate.net/profile/E_Gorbovskoy/citations">Gorbovskoy</a>
 Grauer                                    <a href="https://ssd.jpl.nasa.gov/sbdb.cgi?ID=a0018871">Grauer</a>
 Grav                                      <a href="http://web.mac.com/tgrav/iWeb/Family/Welcome.html">Grav</a>
 Groeller                                  <a href="https://www.lpl.arizona.edu/research-scientists/hannes-gr%C3%B6ller">Gr&ouml;ller</a>
 Guido                                     <a href="https://ssd.jpl.nasa.gov/sbdb.cgi?ID=a0120361">Guido</a>
 Haleakala                                 Haleakal&#x101;
 Hammergren                                <a href="http://www.eccentrix.com/members/ssp2k/ppl/profiles/drhammer.html">Hammergren</a>
 Healy                                     <a href="https://ssd.jpl.nasa.gov/sbdb.cgi?ID=a0066479">Healy</a>
 Heinze                                    <a href="http://www.ariheinze.com/">Heinze</a>
 Hill                                      <a href="http://www.lpl.arizona.edu/~rhill/">Hill</a>
 Hoenig                                    <a href="http://www.mpifr-bonn.mpg.de/staff/shoenig/">H&ouml;nig</a>
 Holman                                    <a href="http://en.wikipedia.org/wiki/3666_Holman">Holman</a>
 Holvorcem                                 <a href="http://sites.mpc.com.br/holvorcem/">Holvorcem</a>
 Hormuth                                   <a href="http://sternwarte-weinheim.de/widm.html#felix">Hormuth</a>
 Hui                                       <a href="http://comethunter.lamost.org/">Hui</a>
 Hurtado                                   <a href="https://ssd.jpl.nasa.gov/sbdb.cgi?ID=a0362911">Hurtado</a>
 Jahn                                      <a href="https://ssd.jpl.nasa.gov/sbdb.cgi?ID=a0010340">Jahn</a>
 Jelinek                                   Jel&iacute;nek
 Kadota                                    <a href="https://ssd.jpl.nasa.gov/sbdb.cgi?ID=a0009751">Kadota</a>
 Kavelaars                                 <a href="http://salish.dao.nrc.ca/~kavelaar/">Kavelaars</a>
 Kilmartin                                 <a href="http://www.phys.canterbury.ac.nz/people/kilmartin.shtml">Kilmartin</a>
 Klet                                      <a href="https://ssd.jpl.nasa.gov/sbdb.cgi?ID=a0002199">Kle&#357;</a>
 Kn\"ofel                                  <a href="https://ssd.jpl.nasa.gov/sbdb.cgi?ID=a0016438">Kn&ouml;fel</a>
 Korlevic                                  <a href="https://en.wikipedia.org/wiki/Korado_Korlevi%C4%87">Korlevi&#263;</a>
 Koschny                                   <a href="https://ssd.jpl.nasa.gov/sbdb.cgi?ID=a0021686">Koschny</a>
 Kowalski                                  <a href="https://ssd.jpl.nasa.gov/sbdb.cgi?ID=a0007392">Kowalski</a>
 Kniazev                                   <a href="http://www.mathpubs.com/author/Alexei+Yu.+Kniazev">Kniazev</a>
 Kubanek                                   Kub&aacute;nek
 Kurti                                     <a href="https://www.skaw.sk">K&uuml;rti</a>
 Kusiak                                    <a href="https://ssd.jpl.nasa.gov/sbdb.cgi?ID=a0376574">Kusiak</a>
 Kusnirak                                  <a href="http://en.wikipedia.org/wiki/Peter_Ku%C5%A1nir%C3%A1k">Ku&#353;nir&aacute;k</a>
 Langbroek                                 <a href="https://ssd.jpl.nasa.gov/sbdb.cgi?ID=a0183294">Langbroek</a>
 Larson                                    <a href="https://ssd.jpl.nasa.gov/sbdb.cgi?ID=a0003690">Larson</a>
 Lazzaro                                   <a href="https://ssd.jpl.nasa.gov/sbdb.cgi?ID=a0003602">Lazzaro</a>
 La Canada                                 La Ca&ntilde;ada
 Leonard                                   <a href="https://catalina.lpl.arizona.edu/about/staff/greg-leonard">Leonard</a>
 Lipunov                                   <a href="http://xray.sai.msu.su/~lipunov/">Lipunov</a>
 Lovejoy                                   <a href="https://ssd.jpl.nasa.gov/sbdb.cgi?ID=a0061342">Lovejoy</a>
 Lowe                                      <a href="http://members.shaw.ca/andrewlowe/">Lowe</a>
 Lutkenhoner                               L&uuml;tkenh&ouml;ner
 Mainzer                                   <a href="http://science.jpl.nasa.gov/people/Mainzer/">Mainzer</a>
 Manca                                     <a href="https://ssd.jpl.nasa.gov/sbdb.cgi?ID=a0015460">Manca</a>
 Marinello                                 <a href="https://ssd.jpl.nasa.gov/sbdb.cgi?ID=a0229836">Marinello</a>
 Masci                                     <a href="https://ssd.jpl.nasa.gov/sbdb.cgi?ID=a0438973">Masci</a>
 Masek                                     <a href="https://ssd.jpl.nasa.gov/sbdb.cgi?ID=a0009841">Ma&#353;ek</a>
 Masiero                                   <a href="http://twitter.com/joemasiero">Masiero</a>
 Matson                                    <a href="https://ssd.jpl.nasa.gov/sbdb.cgi?ID=a0073491">Matson</a>
 Mattiazzo                                 <a href="https://www.researchgate.net/scientific-contributions/2004893480_M_Mattiazzo">Mattiazzo</a>
 Micheli                                   <a href="https://ssd.jpl.nasa.gov/sbdb.cgi?ID=a0010277">Micheli</a>
 Mikuz                                     Miku&#382;
 McGaha                                    <a href="http://www.3towers.com/s3towers/AboutUs.asp?section=AboutUs">McGaha</a>
 McNaught                                  <a href="http://www2.abc.net.au/science/week/forum1/mcnaught.htm">McNaught</a>
 McMillan                                  <a href="http://www.lpl.arizona.edu/resources/faculty/faculty.php?nom=McMillan">McMillan</a>
 Meszaros                                  M&eacute;sz&aacute;ros
 Merida                                    M&eacute;rida
 Nomen                                     <a href="https://ssd.jpl.nasa.gov/sbdb.cgi?ID=a0056561">Nomen</a>
 Nugent                                    <a href="https://ssd.jpl.nasa.gov/sbdb.cgi?ID=a0008801">Nugent</a>
 Oca\~na                                   Oca&ntilde;a
 Oksanen                                   <a href="http://twitter.com/#!/oksanen">Oksanen</a>
 Ondrejov                                  <a href="https://ssd.jpl.nasa.gov/sbdb.cgi?ID=a0056561">Ond&#345;ejov</a>
 Sanchez-Ortiz                             <a href="https://ssd.jpl.nasa.gov/sbdb.cgi?ID=a0257336">S&aacute;nchez-Ortiz</a>
 Ortiz                                     <a href="http://en.wikipedia.org/wiki/Jos%C3%A9_Luis_Ortiz_Moreno">Ortiz</a>
 Oschin Schmidt                            <a href="https://en.wikipedia.org/wiki/Samuel_Oschin_telescope">Oschin Schmidt</a>
 Ory                                       <a href="https://en.wikipedia.org/wiki/Michel_Ory">Ory</a>
 P\'al                                     <a href="http://en.scientificcommons.org/andras_pal">P&aacute;l</a>
 Pelle                                     <a href="http://chez.mana.pf/~jcpelle/">Pelle</a>
 Pettarin                                  <a href="https://ssd.jpl.nasa.gov/sbdb.cgi?ID=a0007258">Pettarin</a>
 Piani                                     <a href="https://ssd.jpl.nasa.gov/sbdb.cgi?ID=a0010573">Piani</a>
 PinPoint                                  <a href="http://pinpoint.dc3.com/">PinPoint</a>
 Piszkesteto                               Piszk%E9s-tet&#x151;ő
 Pittichova                                <a href="http://www.ifa.hawaii.edu/~jana/jana.html">Pittichova</a>
 Pizzetti                                  <a href="https://ssd.jpl.nasa.gov/sbdb.cgi?ID=a0233559">Pizzetti</a>
 Pons                                      <a href="https://ssd.jpl.nasa.gov/sbdb.cgi?ID=a0007645">Pons</a>
 Puckett                                   <a href="http://facstaff.columbusstate.edu/puckett_andrew/orbitmaster.html">Puckett</a>
 Pravec                                    <a href="http://en.wikipedia.org/wiki/Petr_Pravec">Pravec</a>
 Primak                                    <a href="http://www.facebook.com/people/Natalia-Primak/1198556290">Primak</a>
 Rankin                                    <a href="http://rankinstudio.com/">Rankin</a>
 Rinner                                    <a href="https://ssd.jpl.nasa.gov/sbdb.cgi?ID=a0023999">Rinner</a>
 Ritchey-Chretien                          Ritchey-Chr&eacute;tien
 W. H. Ryan                                <a href="http://infohost.nmt.edu/~bryan/">W. H. Ryan</a>
 Sarneczky                                 <a href="http://en.wikipedia.org/wiki/Kriszti%C3%A1n_S%C3%A1rneczky">S&aacute;rneczky</a>
 S\'arneczky                               <a href="http://en.wikipedia.org/wiki/Kriszti%C3%A1n_S%C3%A1rneczky">S&aacute;rneczky</a>
 Sarounova                                 &#352;arounov&aacute;
 Scotti                                    <a href="http://www.lpl.arizona.edu/~jscotti/">Scotti</a>
 Sayer                                     <a href="https://ssd.jpl.nasa.gov/sbdb.cgi?ID=a0017853">Sayer</a>
 Schwab                                    <a href="https://ssd.jpl.nasa.gov/sbdb.cgi?ID=a0185638">Schwab</a>
 Schwartz                                  <a href="https://ssd.jpl.nasa.gov/sbdb.cgi?ID=a0013820">Schwartz</a>
 Seaman                                    <a href="https://arxiv.org/find/all/1/all:+seaman_r/0/1/0/all/0/1">Seaman</a>
 Shelly                                    <a href="https://ssd.jpl.nasa.gov/sbdb.cgi?ID=a0017280">Shelly</a>
 Sherrod                                   <a href="http://www.arksky.org/pubs.htm">Sherrod</a>
 Shurpakov                                 <a href="https://ssd.jpl.nasa.gov/sbdb.cgi?ID=a0279274">Shurpakov</a>
 Skvarc                                    <a href="https://ssd.jpl.nasa.gov/sbdb.cgi?ID=a0089818">Skvar&#269;</a>
 Sonnett                                   <a href="https://ssd.jpl.nasa.gov/sbdb.cgi?ID=a0008796">Sonnett</a>
 Sostero                                   <a href="https://ssd.jpl.nasa.gov/sbdb.cgi?ID=a0009878">Sostero</a>
 Stoss                                     <a href="http://www.starkenburg-sternwarte.de/asteroiden/namen/7689.htm">Stoss</a>
 Tancredi                                  <a href="http://www.anii.org.uy/cvuy/SNI2008/Ciencias%20Naturales%20y%20Exactas/Ciencias%20F%C3%ADsicas/Gonzalo%20TANCREDI%20Machado.pdf">Tancredi</a>
 Testa                                     <a href="https://ssd.jpl.nasa.gov/sbdb.cgi?ID=a0011667">Testa</a>
 Tholen                                    <a href="http://www.ifa.hawaii.edu/faculty/tholen/">Tholen</a>
 Ticha, J                                  Tich&aacute;, J
 Ticha, M                                  Tich&#253;, M
 Tlatov                                    <a href="http://www.iau.org/administration/membership/individual/674/">Tlatov</a>
 Thuillot                                  <a href="https://ssd.jpl.nasa.gov/sbdb.cgi?ID=a0018568">Thuillot</a>
 Tombaugh                                  <a href="https://ssd.jpl.nasa.gov/sbdb.cgi?ID=a0001604">Tombaugh</a>
 Tombelli                                  <a href="https://ssd.jpl.nasa.gov/sbdb.cgi?ID=a0009904">Tombelli</a>
 Tonry                                     <a href="http://www.ifa.hawaii.edu/~jt/">Tonry</a>
 Veran                                     V&eacute;ran
 Veres                                     <a href="https://scienceandtechnology.jpl.nasa.gov/people/P_Veres">Vere&#x161;</a>
 Veillet                                   <a href="https://ssd.jpl.nasa.gov/sbdb.cgi?ID=a0016984">Veillet</a>
 Visnjan                                   <a href="https://ssd.jpl.nasa.gov/sbdb.cgi?ID=a0017853">Vi&#353;njan</a>
 Vorobjov                                  <a href="http://scibuff.com/">Vorobjov</a>
 Wainscoat                                 <a href="https://ssd.jpl.nasa.gov/sbdb.cgi?ID=a0009725">Wainscoat</a>
 Watters                                   <a href="https://ssd.jpl.nasa.gov/sbdb.cgi?ID=a0133009">Watters</a>
 Wells                                     <a href="https://ssd.jpl.nasa.gov/sbdb.cgi?ID=a0072834">Wells</a>
 Weryk                                     <a href="https://ssd.jpl.nasa.gov/sbdb.cgi?ID=a0009281">Weryk</a>
 Wierzchos                                 <a href="https://twitter.com/WierzchosKacper">Wierzcho&#347;</a>
 Wiggins                                   <a href="https://ssd.jpl.nasa.gov/sbdb.cgi?ID=a0004099">Wiggins</a>
 Q.-Z. Ye                                  <a href="http://yeqzids.github.io/">Q.-Z. Ye</a>
 Zolnowski                                 <a href="https://ssd.jpl.nasa.gov/sbdb.cgi?ID=a0384815">&#379;o&#322;nowski</a>
